{
    "YOLOv8n": {
        "模型类型": "检测模型",
        "参数数(M)": 3.34,
        "mAP50": 0.2905360584426071,
        "mAP50_95": 0.19244028005522465,
        "平均精度": 0.37982469335124086,
        "平均召回": 0.20283382949206147,
        "FPS": 99.53723523922802,
        "平均推理时间(ms)": 10.046491622924805,
        "模型体积(MB)": 6.616745948791504,
        "训练时间(h)": 0.5058875303798251
    },
    "YOLOv5s": {
        "模型类型": "检测模型",
        "参数数(M)": 9.15,
        "mAP50": 0.3957652298837935,
        "mAP50_95": 0.26857791491233557,
        "平均精度": 0.500740801412076,
        "平均召回": 0.29046877098484347,
        "FPS": 87.15311925917321,
        "平均推理时间(ms)": 11.474058628082275,
        "模型体积(MB)": 17.75613498687744,
        "训练时间(h)": 0.7733783344427745
    },
    "YOLOv8m": {
        "模型类型": "检测模型",
        "参数数(M)": 25.9,
        "mAP50": 0.46593088573719815,
        "mAP50_95": 0.31837926445094317,
        "平均精度": 0.5584277451027275,
        "平均召回": 0.37432286109395385,
        "FPS": 39.49625862693873,
        "平均推理时间(ms)": 25.318853855133057,
        "模型体积(MB)": 49.753296852111816,
        "训练时间(h)": 1.6569981325997247
    }
}